Number of Income Recipients,Total Income,Average Total Income
27675.0,683798945.0,24708.182294489612
48430.0,1606988575.0,33181.676130497624
35330.0,681198920.0,19281.03368242287
4845.0,113983730.0,23526.053663570692
1840.0,67024940.0,36426.59782608696
220.0,7027020.0,31941.0
5635.0,116634070.0,20698.149068322982
33740.0,828924605.0,24568.008446947242
225.0,7326900.0,32564.0
16595.0,444637155.0,26793.441096715876
29705.0,604456145.0,20348.633058407675
